Profile Name,Esn,Device Type,Acct First Playback Date,Acct Last Playback Date,Acct First Playback Date For User Generated Plays,Acct Last Playback Date For User Generated Plays,Profile First Playback Date,Profile Last Playback Date,Profile First Playback Date For User Generated Plays,Profile Last Playback Date For User Generated Plays,Deactivation Time
La que paga,NFCDCH-02-K915V5DAW4H0RDQNDM2KE4X1CJPFQN,Chrome PC (Cadmium),2023-06-19T17:59:38.031Z,2023-08-02T02:51:15.143Z,,,2023-06-19T17:59:38.031Z,2023-08-02T02:51:15.143Z,,,1970-01-01T00:00:00.000Z
La que paga,SSTV-PTM2-0000000000000001250041,Samsung CE 2022 Pontus-M Smart TV,2022-11-17T21:13:48.620Z,2023-08-02T01:15:41.126Z,2022-11-17T21:15:14.814Z,2023-08-02T01:15:41.126Z,2022-11-17T21:13:48.620Z,2023-08-02T01:15:41.126Z,2022-11-17T21:15:14.814Z,2023-08-02T01:15:41.126Z,2023-05-17T18:22:22.452Z
La que paga,NFANDROID1-PRV-P-OPPO=CPH2205-19879-A041C54BF6BCC26044AD5B32C8A320EA3503607FDC51914FFB9A196B83C4FC66,DefaultWidevineAndroidPhone,2022-10-05T22:41:09.798Z,2023-08-01T23:41:44.627Z,2022-10-05T22:41:09.798Z,2023-08-01T23:41:44.627Z,2022-10-05T22:41:09.798Z,2023-08-01T23:41:44.627Z,2022-10-05T22:41:09.798Z,2023-08-01T23:41:44.627Z,2023-04-26T18:08:16.943Z
La que paga,NFAPPL-02-IPHONE15=2-E45DBCF73A013E902E1FEA69D0366A3018729C1F738B2D9B229D4B6B0645D7A7,Apple iPhone 14 Pro iPhone,2023-05-16T00:56:35.892Z,2023-08-01T20:32:45.574Z,2023-05-16T00:56:35.892Z,2023-08-01T20:32:45.574Z,2023-05-16T00:56:35.892Z,2023-08-01T20:32:45.574Z,2023-05-16T00:56:35.892Z,2023-08-01T20:32:45.574Z,1970-01-01T00:00:00.000Z
La que paga,NFXONE-02-7JA988FM8ETE3HCNSV1DCZ47P2MKCTZ8XSA5D225HE19WPCDZS,Microsoft Xbox One,2021-10-19T19:07:32.796Z,2023-07-31T06:58:06.871Z,2021-10-19T19:07:50.348Z,2023-07-31T06:16:14.055Z,2021-10-19T19:07:32.796Z,2023-07-31T06:58:06.871Z,2021-10-19T19:07:50.348Z,2023-07-31T06:16:14.055Z,2023-04-26T18:08:16.943Z
La que paga,RKU-8XXXX-YK00E6078266,Roku Midland Smart TV,2021-07-17T17:12:25.401Z,2023-07-30T06:00:20.724Z,2021-07-18T03:02:42.137Z,2023-07-30T06:00:20.724Z,2021-07-17T17:12:25.401Z,2023-07-30T06:00:20.724Z,2021-07-18T03:02:42.137Z,2023-07-30T06:00:20.724Z,2023-04-26T18:08:16.943Z
La que paga,NFANDROID2-PRV-SABRINA-GOOGLCHROMECAST-27454-A338B787ACE07206419C58E19AAEA5CD6DFC4C8C0C57388DDE39CB24B92518E5,Google Sabrina ATV Set Top Box,2023-05-03T03:14:07.481Z,2023-07-29T03:29:00.080Z,2023-05-03T03:14:07.481Z,2023-07-29T03:29:00.080Z,2023-05-03T03:14:07.481Z,2023-07-29T03:29:00.080Z,2023-05-03T03:14:07.481Z,2023-07-29T03:29:00.080Z,1970-01-01T00:00:00.000Z
La que paga,NFCDSF-PH-JFFHMKLVNFG01HQH5JKY3JA448EGHL,Netflix iPhone-Safari iPhone,,,,,,,,,2023-04-26T18:08:16.943Z
La que paga,NFAPPL-02-IPHONE14=2-360B13948814227917C5338492AC69DE887B5DB32C4C05327518742853A9BF10,Apple iPhone 13 Pro,2023-04-17T03:53:05.860Z,2023-07-27T03:55:40.972Z,2023-04-17T04:39:13.480Z,2023-07-17T21:20:24.252Z,2023-04-17T03:53:05.860Z,2023-07-27T03:55:40.972Z,2023-04-17T04:39:13.480Z,2023-07-17T21:20:24.252Z,2023-05-04T14:15:35.195Z
La que paga,NFXBSX-02-1TPPMB6RH95ZGTM9WZCTHSPP003R9DVD5UDFWW38ECNDV7FT2Y07,Microsoft Xbox Series S,2022-10-21T02:51:57.873Z,2023-07-15T22:30:43.564Z,2022-10-21T02:51:57.873Z,2023-07-15T22:30:43.564Z,2022-10-21T02:51:57.873Z,2023-07-15T22:30:43.564Z,2022-10-21T02:51:57.873Z,2023-07-15T22:30:43.564Z,2023-04-26T18:08:16.943Z
La que paga,NFANDROID1-PRV-P-OPPO=CPH2365-21002-C3B58A020997B1129732BFD08F1B4F8CF68D106F8427D3186AD0E70E6D9FCD11,DefaultWidevineAndroidPhone,2022-12-16T02:34:37.836Z,2023-07-06T22:01:23.214Z,2022-12-16T02:34:37.836Z,2023-07-06T22:01:23.214Z,2022-12-16T02:34:37.836Z,2023-07-06T22:01:23.214Z,2022-12-16T02:34:37.836Z,2023-07-06T22:01:23.214Z,2023-04-26T18:08:16.943Z
La que paga,NFANDROID1-PRV-T-LENOVTB328FU-23984-95F8A9D05C8CA7022101C5CF8873FE7CFD3AF71A4D52A63B94C6CF667A277B92,DefaultWidevineAndroidTablets,2023-02-25T20:30:39.883Z,2023-06-26T01:49:44.011Z,2023-02-25T20:30:39.883Z,2023-06-26T01:49:44.011Z,2023-02-25T20:30:39.883Z,2023-06-26T01:49:44.011Z,2023-02-25T20:30:39.883Z,2023-06-26T01:49:44.011Z,2023-04-26T18:08:16.943Z
La que paga,NFAPPL-01-IPAD13=4-2BF42FDB2E1098B73EC8CF6A461F96AB86E5A8FA8AB1FE63DA0A12E2D7118636,Apple iPad Pro 11 in 3rd Gen (Wi-Fi) iPad,2021-08-19T04:07:54.304Z,2023-05-17T19:33:08.372Z,2021-08-19T04:07:54.304Z,2023-05-17T19:33:08.372Z,2021-08-19T04:07:54.304Z,2023-05-17T19:33:08.372Z,2021-08-19T04:07:54.304Z,2023-05-17T19:33:08.372Z,2023-04-26T18:08:16.943Z
La que paga,NFCDSF-PH-K6A6U7D5V4K33T14ADFQHW0MRYER0W,Netflix iPhone-Safari iPhone,,,,,,,,,1970-01-01T00:00:00.000Z
La que paga,NFCDSF-PH-K57GFL5FRC2QUFVF8TXVQKWDA4EKAG,Netflix iPhone-Safari iPhone,,,,,,,,,1970-01-01T00:00:00.000Z
La que paga,NFCDSF-PH-K4KU4FLW5TPN16F8MY3Q7A3979KGWX,Netflix iPhone-Safari iPhone,,,,,,,,,2023-04-26T18:08:16.943Z
El amigo de la que paga,SSTV-PTM2-0000000000000001250041,Samsung CE 2022 Pontus-M Smart TV,2022-11-17T21:13:48.620Z,2023-08-02T01:15:41.126Z,2022-11-17T21:15:14.814Z,2023-08-02T01:15:41.126Z,2022-11-17T21:13:48.620Z,2023-08-02T01:15:41.126Z,2022-11-17T21:15:14.814Z,2023-08-02T01:15:41.126Z,
La tia de la que paga,NFANDROID1-PRV-P-OPPO=CPH2205-19879-A041C54BF6BCC26044AD5B32C8A320EA3503607FDC51914FFB9A196B83C4FC66,DefaultWidevineAndroidPhone,2022-10-05T22:41:09.798Z,2023-08-01T23:41:44.627Z,2022-10-05T22:41:09.798Z,2023-08-01T23:41:44.627Z,2022-10-05T22:41:09.798Z,2023-08-01T23:41:44.627Z,2022-10-05T22:41:09.798Z,2023-08-01T23:41:44.627Z,
El amigo de la que paga,NFAPPL-02-IPHONE15=2-E45DBCF73A013E902E1FEA69D0366A3018729C1F738B2D9B229D4B6B0645D7A7,Apple iPhone 14 Pro iPhone,2023-05-16T00:56:35.892Z,2023-08-01T20:32:45.574Z,2023-05-16T00:56:35.892Z,2023-08-01T20:32:45.574Z,2023-05-16T00:56:35.892Z,2023-08-01T20:32:45.574Z,2023-05-16T00:56:35.892Z,2023-08-01T20:32:45.574Z,
El amigo de la que paga,NFXONE-02-7JA988FM8ETE3HCNSV1DCZ47P2MKCTZ8XSA5D225HE19WPCDZS,Microsoft Xbox One,2021-10-19T19:07:32.796Z,2023-07-31T06:58:06.871Z,2021-10-19T19:07:50.348Z,2023-07-31T06:16:14.055Z,2021-10-19T19:07:32.796Z,2023-07-31T06:58:06.871Z,2021-10-19T19:07:50.348Z,2023-07-31T06:16:14.055Z,
La tia de la que paga,RKU-8XXXX-YK00E6078266,Roku Midland Smart TV,2021-07-17T17:12:25.401Z,2023-07-30T06:00:20.724Z,2021-07-18T03:02:42.137Z,2023-07-30T06:00:20.724Z,2021-07-17T17:12:25.401Z,2023-07-30T06:00:20.724Z,2021-07-18T03:02:42.137Z,2023-07-30T06:00:20.724Z,
El amigo de la que paga,NFXBSX-02-1TPPMB6RH95ZGTM9WZCTHSPP003R9DVD5UDFWW38ECNDV7FT2Y07,Microsoft Xbox Series S,2022-10-21T02:51:57.873Z,2023-07-15T22:30:43.564Z,2022-10-21T02:51:57.873Z,2023-07-15T22:30:43.564Z,2022-10-21T02:51:57.873Z,2023-07-15T22:30:43.564Z,2022-10-21T02:51:57.873Z,2023-07-15T22:30:43.564Z,
La tia de la que paga,NFANDROID1-PRV-T-LENOVTB328FU-23984-95F8A9D05C8CA7022101C5CF8873FE7CFD3AF71A4D52A63B94C6CF667A277B92,DefaultWidevineAndroidTablets,2023-02-25T20:30:39.883Z,2023-06-26T01:49:44.011Z,2023-02-25T20:30:39.883Z,2023-06-26T01:49:44.011Z,2023-02-25T20:30:39.883Z,2023-06-26T01:49:44.011Z,2023-02-25T20:30:39.883Z,2023-06-26T01:49:44.011Z,
El amigo de la que paga,GOOGCAP0010000000000000025787328,Google Chromecast V5 Streaming Stick,2023-05-16T00:57:12.766Z,2023-05-16T00:57:12.766Z,2023-05-16T00:57:12.766Z,2023-05-16T00:57:12.766Z,2023-05-16T00:57:12.766Z,2023-05-16T00:57:12.766Z,2023-05-16T00:57:12.766Z,2023-05-16T00:57:12.766Z,
El amigo de la que paga,NFAPPL-02-IPHONE15=2-99B54E830886E61A52C63401ADB27E0E493D14E2D6826B5DF14D40F106EEFCF7,Apple iPhone 14 Pro iPhone,2023-03-10T18:45:58.582Z,2023-04-29T17:26:16.848Z,2023-03-10T18:45:58.582Z,2023-04-29T17:26:16.848Z,2023-03-10T18:45:58.582Z,2023-04-29T17:26:16.848Z,2023-03-10T18:45:58.582Z,2023-04-29T17:26:16.848Z,
El amigo de la que paga,RKU-8XXXX-YK00E6078266,Roku Midland Smart TV,2021-07-17T17:12:25.401Z,2023-07-30T06:00:20.724Z,2021-07-18T03:02:42.137Z,2023-07-30T06:00:20.724Z,2023-03-05T05:04:39.366Z,2023-03-05T05:04:39.366Z,,,
El amigo de la que paga,NFANDROID2-PRV-SABRINA-GOOGLCHROMECAST-21670-A338B787ACE07206419C58E19AAEA5CD6DFC4C8C0C57388DDE39CB24B92518E5,Google Sabrina ATV Set Top Box,2022-12-02T02:20:30.852Z,2023-04-17T01:00:58.623Z,2022-12-02T02:59:14.567Z,2023-04-17T01:00:58.623Z,2023-02-24T22:26:07.603Z,2023-02-24T22:26:35.360Z,2023-02-24T22:26:35.360Z,2023-02-24T22:26:35.360Z,
El amigo de la que paga,NFAPPL-02-IPHONE13=1-99B54E830886E61A52C63401ADB27E0E493D14E2D6826B5DF14D40F106EEFCF7,iPhone 12 Mini,2022-01-10T00:04:39.359Z,2023-02-24T02:21:46.552Z,2022-01-10T00:04:39.359Z,2023-02-24T02:03:13.772Z,2022-01-10T00:04:39.359Z,2023-02-24T02:21:46.552Z,2022-01-10T00:04:39.359Z,2023-02-24T02:03:13.772Z,
El amigo de la que paga,NFANDROID1-PRV-P-OPPO=CPH2205-19879-A041C54BF6BCC26044AD5B32C8A320EA3503607FDC51914FFB9A196B83C4FC66,DefaultWidevineAndroidPhone,2022-10-05T22:41:09.798Z,2023-08-01T23:41:44.627Z,2022-10-05T22:41:09.798Z,2023-08-01T23:41:44.627Z,2023-02-06T16:59:13.585Z,2023-02-06T17:58:00.020Z,2023-02-06T16:59:13.585Z,2023-02-06T17:58:00.020Z,
La tia de la que paga,NFANDROID1-PRV-P-OPPO=CPH2365-21002-C3B58A020997B1129732BFD08F1B4F8CF68D106F8427D3186AD0E70E6D9FCD11,DefaultWidevineAndroidPhone,2022-12-16T02:34:37.836Z,2023-07-06T22:01:23.214Z,2022-12-16T02:34:37.836Z,2023-07-06T22:01:23.214Z,2022-12-16T02:34:37.836Z,2023-01-23T21:48:23.054Z,2022-12-16T02:34:37.836Z,2023-01-23T21:48:23.054Z,
La tia de la que paga,RKU-8XXXX-YK00PM570078,Roku Midland Smart TV,2021-06-20T22:09:45.516Z,2022-12-30T06:59:27.420Z,2021-06-20T22:10:36.774Z,2022-12-30T06:34:52.102Z,2021-06-20T22:09:45.516Z,2022-12-30T06:59:27.420Z,2021-06-20T22:10:36.774Z,2022-12-30T06:34:52.102Z,
La tia de la que paga,NFANDROID1-PRV-T-LENOVTB328FU-23984-6ED2D5BFF9E6ECA1110D7300E961CC09DDF10FED7F3C120343CC798AF1DD2764,DefaultWidevineAndroidTablets,2022-12-21T00:59:06.312Z,2022-12-26T18:41:29.974Z,2022-12-21T00:59:06.312Z,2022-12-26T18:41:29.974Z,2022-12-21T00:59:06.312Z,2022-12-26T18:41:29.974Z,2022-12-21T00:59:06.312Z,2022-12-26T18:41:29.974Z,
El amigo de la que paga,GOOGCAP0010000000000000011265940,Google Chromecast V5 Streaming Stick,2022-12-09T07:09:27.744Z,2022-12-10T17:06:07.907Z,2022-12-09T07:09:27.744Z,2022-12-10T17:06:07.907Z,2022-12-09T07:09:27.744Z,2022-12-10T17:06:07.907Z,2022-12-09T07:09:27.744Z,2022-12-10T17:06:07.907Z,
El amigo de la que paga,NFANDROID2-PRV-SONYANDROIDTV2022M5-SONY=BRAVIA=4K=VH21-22653-77194191D8A3CD01361C3AD3BCED879B005290BFF12983F9F36EE6CB98680010,Sony CE Sony Android TV 2022 M5 Smart TV,2022-10-14T03:16:20.772Z,2022-10-16T22:32:14.539Z,2022-10-14T03:16:20.772Z,2022-10-16T22:32:14.539Z,2022-10-14T03:16:20.772Z,2022-10-16T22:32:14.539Z,2022-10-14T03:16:20.772Z,2022-10-16T22:32:14.539Z,
El amigo de la que paga,CMCSTX1005-000C010D032A5D54-704FB8760EA3,Comcast X1 ARM 4K MVPD STB,2022-10-14T03:37:06.800Z,2022-10-14T04:07:42.676Z,2022-10-14T03:37:06.800Z,2022-10-14T04:07:42.676Z,2022-10-14T03:37:06.800Z,2022-10-14T04:07:42.676Z,2022-10-14T03:37:06.800Z,2022-10-14T04:07:42.676Z,
La tia de la que paga,NFANDROID1-PRV-P-HUAWEHMA-L09-8359-095783A2965424F98A1CD42088046DA69BA931135B9B4702AA32B3F56C23D97F2,DefaultWidevineAndroidPhone,2021-06-20T22:09:35.416Z,2022-10-13T23:21:31.164Z,2021-06-20T22:09:35.416Z,2022-10-13T23:21:31.164Z,2021-06-20T22:09:35.416Z,2022-10-13T23:21:31.164Z,2021-06-20T22:09:35.416Z,2022-10-13T23:21:31.164Z,
La tia de la que paga,NFANDROID1-PRV-P-OPPO=CPH2205-19879-0A07480E1945D67CD7396BF1D17709F6EAF1A4632CB8B21754DEE911F64BECFE9,DefaultWidevineAndroidPhone,2022-01-31T05:49:37.183Z,2022-10-04T23:44:12.175Z,2022-01-31T05:49:37.183Z,2022-10-04T23:44:12.175Z,2022-01-31T05:49:37.183Z,2022-10-04T23:44:12.175Z,2022-01-31T05:49:37.183Z,2022-10-04T23:44:12.175Z,
El amigo de la que paga,NFCDCH-01-HZT7VZE7Y4Q0YV5UXWEMKLQ2GDN6LV,Chrome OS (Cadmium),2022-02-04T03:40:25.507Z,2022-09-30T21:32:19.191Z,2022-02-04T03:40:57.742Z,2022-09-30T21:32:19.191Z,2022-02-04T03:40:25.507Z,2022-09-30T21:32:19.191Z,2022-02-04T03:40:57.742Z,2022-09-30T21:32:19.191Z,
El amigo de la que paga,NFANDROID2-PRV-FIRETVSTICK2016-AMAZOAFTT-6590-BA5BB74BAE012DD8682C4AAFE5572B87FFADD7AA1543BC9A8BC95686CE0FC909,FireTV Stick 2016,2021-11-27T05:35:27.556Z,2022-05-13T06:52:51.068Z,2021-11-27T05:38:48.604Z,2022-05-13T06:52:51.068Z,2021-11-27T05:35:27.556Z,2022-05-13T06:52:51.068Z,2021-11-27T05:38:48.604Z,2022-05-13T06:52:51.068Z,
La tia de la que paga,NFUWA-001-242A2A2081FED280AB4C71CE2B688AB82D2673F949E87D7236AA6499509E0A628CEF91E9C29902E73357152783A85AA49B90F2999D2E26AC0F54F13DF44A85DF,Netflix Windows App - Cadmium Windows Mobile,2022-03-30T03:58:29.787Z,2022-03-30T04:31:46.696Z,2022-03-30T03:58:29.787Z,2022-03-30T04:31:46.696Z,2022-03-30T03:58:29.787Z,2022-03-30T04:31:46.696Z,2022-03-30T03:58:29.787Z,2022-03-30T04:31:46.696Z,
La tia de la que paga,NFANDROID1-PRV-P-L3-HUAWEFRL-L23-22585-07C758E2E3D4FF06765D3C43098EAD7CBE3D2F9AC68742EE02C860B89021C41B9,Android DefaultWidevineL3Phone Android Phone,2021-12-04T18:47:15.835Z,2022-02-17T21:53:42.039Z,2021-12-04T18:47:15.835Z,2022-02-17T21:53:42.039Z,2021-12-04T18:47:15.835Z,2022-02-17T21:53:42.039Z,2021-12-04T18:47:15.835Z,2022-02-17T21:53:42.039Z,
El amigo de la que paga,NFANDROID1-PRV-T-L3-MSTARMSTAR=ANDROID=TV-4445-37F419D2207E13C70D7B6CFEEEBBC77F86DBB5F0DD3812EFE2D7FD903D34398F,Android DefaultWidevineL3Tablet Android Tablet,2022-01-17T02:26:10.998Z,2022-01-30T13:45:42.961Z,2022-01-17T02:26:10.998Z,2022-01-30T13:45:42.961Z,2022-01-17T02:26:10.998Z,2022-01-30T13:45:42.961Z,2022-01-17T02:26:10.998Z,2022-01-30T13:45:42.961Z,
La tia de la que paga,NFANDROID1-PRV-P-L3-HUAWEFRL-L23-8158-07C758E2E3D4FF06765D3C43098EAD7CBE3D2F9AC68742EE02C860B89021C41B9,Android DefaultWidevineL3Phone Android Phone,2021-09-02T00:03:01.043Z,2021-10-22T23:09:02.424Z,2021-09-02T00:03:01.043Z,2021-10-22T23:09:02.424Z,2021-09-02T00:03:01.043Z,2021-10-22T23:09:02.424Z,2021-09-02T00:03:01.043Z,2021-10-22T23:09:02.424Z,
La que paga,LGTV20182=21002876034,LG 2018 LG M16PP UHD TV Smart TV,,,,,,,,,
La que paga,SSTV-MSL1-0000000000000006252647,Samsung CE 2019 Muse-L UHD TV Smart TV,,,,,,,,,
La que paga,LGTV20186=61009521965,LG 2018 Mstar LM18A STD UHD TV Smart TV,,,,,,,,,
La que paga,NFANDROID1-PRV-P-HUAWESNE-LX3-8707-0087F6D084556992BCA70905DA068F73EBB6969D57CD98F099B45107717AEE71F,DefaultWidevineAndroidPhone,,,,,,,,,
La que paga,NFANDROID1-PRV-P-GOOGLPIXEL=3=XL-8587-083ADEB08C6E8BC0300A7357BEC861486A2DE4470E34CC232B453ED9FED557FF0,DefaultWidevineAndroidPhone,,,,,,,,,
La que paga,NFCDCH-02-H6MFT02APPTLP5XA3FGGL8CVQW5F1D,Chrome PC (Cadmium),,,,,,,,,
La que paga,DISECOHPRS-0005-A3A9E131A8CD3338,DishTV Dish Hopper w/Sling  MVPD STB,,,,,,,,,
La que paga,NFANDROID1-PRV-T-L3-SAMSUSM-T530NU-5779-02230C8C3AC4612217D789C31840F939F4F43A466A8432DEF2E63266ED2245CF9,Android DefaultWidevineL3Tablet Android Tablet,,,,,,,,,
La que paga,NFANDROID2-PRV-FIRETVSTICK2016-AMAZOAFTT-6590-BBED83EBD3595F8EDDEC5C3968D9F472F814BDC67BF6E88A64375C5348462A57,FireTV Stick 2016,,,,,,,,,
La que paga,NFCDCH-MC-GMNZJU2HGM0Q5TL59EJVX7P49F3CAY,Netflix Chrome MAC (Cadmium) HTML 5,,,,,,,,,
La que paga,NFCDCH-MC-GLJ07C6YT1061T4C0V0MPDTQL8UGPT,Netflix Chrome MAC (Cadmium) HTML 5,,,,,,,,,
La que paga,NFCDCH-MC-GGG9P0YUHLTL0AD0L8N9RLQUMMQ3XD,Netflix Chrome MAC (Cadmium) HTML 5,,,,,,,,,
La que paga,NFCDCH-MC-GFA08Q7NYLHJK8XF3WJPVM2JVTAYL1,Netflix Chrome MAC (Cadmium) HTML 5,,,,,,,,,
La que paga,NFCDCH-MC-GEC4917YNCGWFN6118VJT4343F5C15,Netflix Chrome MAC (Cadmium) HTML 5,,,,,,,,,
La que paga,NFCDCH-MC-GD0A65M2N5JQDX5HFYEAT0C9WKCTT8,Netflix Chrome MAC (Cadmium) HTML 5,,,,,,,,,
La que paga,NFCDCH-MC-GCNM1E728P91CDCPKHAQTLGMM1N8W3,Netflix Chrome MAC (Cadmium) HTML 5,,,,,,,,,
La que paga,NFCDCH-MC-GC16GACE8YL2FAV90AJ2U6YUH59KWN,Netflix Chrome MAC (Cadmium) HTML 5,,,,,,,,,
La que paga,NFCDCH-MC-GACZH4XR25U4DATJK6X3PHKAM8CEL0,Netflix Chrome MAC (Cadmium) HTML 5,,,,,,,,,
La que paga,NFCDCH-MC-GAA193P3A9VHH606M79NL6WTVRLH37,Netflix Chrome MAC (Cadmium) HTML 5,,,,,,,,,
La que paga,NFCDCH-MC-G9LZRFCGHPG3N4FU0A30W3477NKXU7,Netflix Chrome MAC (Cadmium) HTML 5,,,,,,,,,
La que paga,NFCDCH-MC-G8QNQRK9JUL5P6AY93V5V5RLTQ9R3J,Netflix Chrome MAC (Cadmium) HTML 5,,,,,,,,,
La que paga,NFCDCH-MC-G7EKR46APL9685UVX476T2909FGLXK,Netflix Chrome MAC (Cadmium) HTML 5,,,,,,,,,
La que paga,NFCDCH-MC-G5XN8WFECGJL76T3VFW2RUF5HH8NAA,Netflix Chrome MAC (Cadmium) HTML 5,,,,,,,,,
La que paga,NFAPPL-02-IPHONE10=6-CFB87226A7E122DDF58DEE38842FC60DF5541B374A5A655520632D5675F517C5,Apple iPhone X (GSM),,,,,,,,,
La que paga,NFCDCH-MC-EN7ZK8NUF3N4JAR59DTUH2PHDVTAW2,Netflix Chrome MAC (Cadmium) HTML 5,,,,,,,,,
La que paga,NFAPPL-01-IPAD5=3-2BF42FDB2E1098B73EC8CF6A461F96AB86E5A8FA8AB1FE63DA0A12E2D7118636,iPad Air 2 WiFi,,,,,,,,,
La que paga,NFCDCH-02-F6ETFHJ6H3AJ4730HK9P3XC6CGVQUT,Chrome PC (Cadmium),,,,,,,,,
La que paga,NFANDROID2-PRV-SW4KATV56582016G6G7UXX50-SKYWOGLOBE-7030-0EF8761F13C6604C4A1EA0AFB27959130D1BAEFAD8134E067564A9E79DFA0C65,Skyworth SW4K-ATV56582016-G6/G7/UXX50 Smart TV,,,,,,,,,
La que paga,NFANDROID2-PRV-FIRETVSTICK2016-AMAZOAFTT-6590-5502B1376EFBC0640B057BF8ECDF61F3E045BBAF10187CEC998CCD520851A372,FireTV Stick 2016,,,,,,,,,
La que paga,NFCDSF-01-E6R5F2RN31GHVRCP5JQ9C1DXMJGH2T,Safari MAC (Cadmium),,,,,,,,,
La que paga,SLMAC-D8E1KD5GHXLY3NUF6C2PD9P1TC1JND,Mac,,,,,,,,,
La que paga,NFAPPL-02-IPHONE8=1-981B975672FF32145334C3BEC13214188AE653601C0353B80425B2F94961B15C,Apple iPhone 6s,,,,,,,,,
La que paga,NFAPPL-02-IPHONE8=1-DD3341B5F18DA3FDDB6264169DF1FA439AF19863446BCD117AFC46C70CBA9394,Apple iPhone 6s,,,,,,,,,
La que paga,NFAPPL-02-IPHONE7=2-F538619B27BA94B43F4DC3C12DC269CDD48FC475A4CC79B13F2B86BDCC0F680F,Apple iPhone 6,,,,,,,,,
La que paga,NFCDSF-01-DLPH2A18W1FTR11PCD5QJEQKG2KMC5,Safari MAC (Cadmium),,,,,,,,,
La que paga,NFANDROID1-PRV-P-SAMSUSM-G920T-6205-EF670806C2ED449F4498457442AE8AA9829DE2443A180D950D4A3E7D22E62B1E,DefaultWidevineAndroidPhone (samsung_SM-G920T),,,,,,,,,
La que paga,DISECOJOEY-0001-38FAC7D39417047E,DishTV Dish Joey MVPD STB,,,,,,,,,
La que paga,HISETVK114051415E1YQPLL-3LFVH62O2EXGBTUGV5,Hisense HISENSE TV 6 Smart TV,,,,,,,,,
La que paga,DISECOJOEY-0001-41EE3AF88322577A,DishTV Dish Joey MVPD STB,,,,,,,,,
La que paga,NFANDROID1-PRV-P-L3-LGE==LGLS665-4445-7CA030DBF84CEE6E6ABB872396075D1A4F0B10A4371B1C7365F00EC5C94E13AD,Android DefaultWidevineL3Phone Android Phone,,,,,,,,,
La que paga,NFCDSF-01-CFXHEWPUN4939MMV3DJC3UTNJN7KNH,Safari MAC (Cadmium),,,,,,,,,
La que paga,NFANDROID1-LGE==LGLS665S-2A8BDBAE7B6F537B543E903DF64E861894BFC44B84F72FA851036D0B0D869FB3,Mobile,,,,,,,,,
La que paga,NFAPPL-02-IPHONE7=2-002D36AE34384E78D8C60A010059990D51D1A160BCAFE956D3D8EF938A40FDCD,Apple iPhone 6,,,,,,,,,
La que paga,NFANDROID1-MOTORMB886S-E17A9E6B3549F40B61AF6A552C65C980A28EC8B467085E6CA07B0BC9E7BB8A76,Mobile,,,,,,,,,
La que paga,NFAPPL-02-IPHONE6=1-C3F63F6674EF5B9F1C143932EEEBEB9B33377EA759BB47E02C98D929E79DC784,iPhone 5S GSM,,,,,,,,,
La que paga,NFCDCH-02-UL3WYMP8FYVV46FYEQC6814N20,Chrome PC (Cadmium),,,,,,,,,
La que paga,NFCDSF-01-CD1V5V93UQJD6888WMKU95M97WZ3QN,Safari MAC (Cadmium),,,,,,,,,
La que paga,NFCDCH-02-C73H6PAY5MG7X4TLJAD5XQX3QQNWZJ,Chrome PC (Cadmium),,,,,,,,,
La que paga,NFCDCH-02-ADXWHK9HNXX43UR8A87MTZE9JX5C0E,Chrome PC (Cadmium),,,,,,,,,
La que paga,NFCDCH-02-CD2MYH2JLVA5J35MK27F4TD6AVAQRN,Chrome PC (Cadmium),,,,,,,,,
La que paga,NFCDCH-02-CCAU5CDZ9P36VJW5YK1CTYV59DR8QL,Chrome PC (Cadmium),,,,,,,,,
La que paga,NFCDCH-02-CC7AE0WRQLE4FEQHDCFNFY8LUC5EFL,Chrome PC (Cadmium),,,,,,,,,
La que paga,NFCDCH-02-CC4UTKQ196UATRJ1ZJ88LTJTGA0VX7,Chrome PC (Cadmium),,,,,,,,,
La que paga,NFAPPL-02-IPHONE7=2-BE2ED82A4B976CAEC97ED3E6DCDA406B40B5B67DB7D6052161988AD11A02B872,Apple iPhone 6,,,,,,,,,
La que paga,NFCDCH-02-C9PDLCKG77RM1W9PA6TQMCG5FEPX8U,Chrome PC (Cadmium),,,,,,,,,
La que paga,NFCDCH-02-C8VKM6AFNALHJ349AH8MRMXG9WYQMC,Chrome PC (Cadmium),,,,,,,,,
La que paga,NFANDROID1-SAMSUGT-P3113S-28F0863A9D259A02D2B702F94468CE4FF49B32F2BD85E88E43E1461D56844C92,Mobile,,,,,,,,,
La que paga,NFANDROID1-LGE==LGLS665S-98A36CD21F09F8F6B40E50A5A023251FA788B04B8A7A2BD3E342EC1574F83719,Mobile,,,,,,,,,
La que paga,NFCDCH-02-C4ZAERF73WAP2H6GP7HW8NFFQ911ZP,Chrome PC (Cadmium),,,,,,,,,
La que paga,NFCDSF-01-AJNLUEVKA2YLP58ND5E1WXAQ15EW2U,Safari MAC (Cadmium),,,,,,,,,
La que paga,NFCDCH-02-C23FLR28C2PLNYYCRTL1LKP1YHNUPT,Chrome PC (Cadmium),,,,,,,,,
La que paga,NFCDCH-02-C116JYRK4YDCXMGP594266CLHA6TNY,Chrome PC (Cadmium),,,,,,,,,
La que paga,NFCDCH-02-AWXD7EAPCJ8VUVJ9T12XP4FCN3QRJ7,Chrome PC (Cadmium),,,,,,,,,
La que paga,NFCDCH-02-AVELUC3XEVEKD4CXL98HH2H8QNVF2C,Chrome PC (Cadmium),,,,,,,,,
La que paga,SLW32-EJH9HN3XH1JF1F8NQYV3H60HAM,PC,,,,,,,,,
La que paga,NFCDCH-02-AJW4RZ5H2X3P296374CG44RCH5KAKL,Chrome PC (Cadmium),,,,,,,,,
La que paga,NFCDCH-02-AH4TC5L6TH10X297EY5XX78FA8KXAL,Chrome PC (Cadmium),,,,,,,,,
La que paga,NFCDCH-02-AARXRVA24FP152X659812D8U9K192U,Chrome PC (Cadmium),,,,,,,,,
La que paga,NFCDCH-02-AAPLUHNT6TF557DA9F591EMDZCDLNW,Chrome PC (Cadmium),,,,,,,,,
La que paga,NFCDCH-02-AAPLUHT2YU637F7NUNH8YNL8EAFNCN,Chrome PC (Cadmium),,,,,,,,,
La que paga,NFCDSF-01-A9J9YCK6R7QWUAQ7RCE6K8EVC6AYV4,Safari MAC (Cadmium),,,,,,,,,
La que paga,NFAPPL-02-IPHONE5=2-B7D72DD510470C53C9E8EF9272C4AA5C80DB4C7018A2F54F6D16B0AB84A8E18C,Apple iPhone 5 with CDMA,,,,,,,,,
La que paga,NFCDSF-01-A7KH043JC2AWTZ2KXUEYWK4Y55CHVE,Safari MAC (Cadmium),,,,,,,,,
La que paga,NFCDSF-01-40QM0MYLNCNDM2X8TTVX76L3YR,Safari MAC (Cadmium),,,,,,,,,
La que paga,SLW32-FUFJRN3W1P61T8FHJ20UHFCMW8,PC,,,,,,,,,
La que paga,SLMAC-40QM0MYLNCNDM2X8TTVX76L3YR,Mac,,,,,,,,,
La que paga,SLW32-UL3WYMP8FYVV46FYEQC6814N20,PC,,,,,,,,,
La que paga,WWW-BROWSE-H0M5M5UA55WNGWN4URPVF5QQJ6R7GA,Netflix WWW-BROWSER UNSUPPORTED BROWSER,,,,,,,,,
La que paga,SLW32-5VP5RLL9EW6DYW2L8YYJ3LXXNM,PC,,,,,,,,,
La que paga,SLW32-NT4EKMJVF09T9J5YJ6HUHVWXFD,PC,,,,,,,,,
La que paga,NFCDCH-MC-GTJ8KA2WWJYP9VVX48W29V5YP14VCE,Netflix Chrome MAC (Cadmium) HTML 5,,,,,,,,,
La que paga,NFANDROID1-AMAZOKFTHWIS-4A3A0E4E9605AEEDC645CAA24EEAE4F446526CD2F73C7E7937DDAC934C4FA789,Mobile,,,,,,,,,
La que paga,NFCDCH-MC-H1Y9FXLPV5FQNYRK36CFE8FUNN9ECK,Netflix Chrome MAC (Cadmium) HTML 5,,,,,,,,,
La que paga,SLW32-5WKT8LT7WQDHKZ6VMJFX59NY3D,PC,,,,,,,,,
La que paga,SLW32-MXVXYLAEL5PWY55A9XTMGWMW70,PC,,,,,,,,,
La que paga,NFANDROID1-PRV-P-GOOGLPIXEL=4=XL-13674-007718AE2ADA0A2ADDE97C9F91E97FD68148C6C9C233B0853711C1F2E0D2C8EBD,DefaultWidevineAndroidPhone,,,,,,,,,
La que paga,NFANDROID1-TCT==ALCATEL=ONE=TOUCH=FIERCES-D3104DDAC867D172491868A3CAB1F45E4ACA60734ED584DFBC32AA7882A03A23,Mobile,,,,,,,,,
La que paga,NFANDROID1-HTC==MYTOUCH=4G=SLIDES-AEBBF0FD9F8338302057D59B7EFBFC9EFCB39805685D2A15B65813AF3CC181CB,Mobile,,,,,,,,,
La que paga,NFWPH-001-5X9Q2H0-Y89L6WH-QDZLFJE36QTGQVWHG5VLQ6VTF1REFPVV,HTC HD7 (Schubert),,,,,,,,,
La que paga,NFCDCH-MC-H9NZX65T2TTH03M9WLJ3AJEY9WQ4KH,Netflix Chrome MAC (Cadmium) HTML 5,,,,,,,,,
La que paga,SLMAC-H4UDHMQH3LRXK3K5E1J5NQQXM4,Mac,,,,,,,,,
La que paga,SLW32-0NEY2MKZW3U9C76V4A5JXXGA4D,PC,,,,,,,,,
La que paga,SLW32-UNM3KLHHV1UK1F7L23L5HZ8LHH,PC,,,,,,,,,
La que paga,NFCDCH-02-CKW30W3C6YWAKE4A7NM9PEH0T3GW99,Chrome PC (Cadmium),,,,,,,,,
La que paga,SLW32-RUNXDMMLP821WPL7D1LLNXXCJM,PC,,,,,,,,,
La que paga,SLW32-8GMEYMLV6X4A1M0KDTTG6RKK84,PC,,,,,,,,,
La que paga,NFAPPL-02-IPHONE15=2-99B54E830886E61A52C63401ADB27E0E493D14E2D6826B5DF14D40F106EEFCF7,Apple iPhone 14 Pro iPhone,2023-03-10T18:45:58.582Z,2023-04-29T17:26:16.848Z,2023-03-10T18:45:58.582Z,2023-04-29T17:26:16.848Z,2023-03-10T18:45:58.582Z,2023-04-29T17:26:16.848Z,2023-03-10T18:45:58.582Z,2023-04-29T17:26:16.848Z,2023-04-26T18:08:16.943Z
La que paga,GOOGCAP0010000000000000025787328,Google Chromecast V5 Streaming Stick,2023-05-16T00:57:12.766Z,2023-05-16T00:57:12.766Z,2023-05-16T00:57:12.766Z,2023-05-16T00:57:12.766Z,2023-05-16T00:57:12.766Z,2023-05-16T00:57:12.766Z,2023-05-16T00:57:12.766Z,2023-05-16T00:57:12.766Z,2023-05-17T18:22:08.204Z
La que paga,ENSEO-330X00000000000000000000000000014476,Enseo HD3300 CKW MVPD Hotel STB,2023-04-22T22:06:06.056Z,2023-04-26T17:44:16.948Z,2023-04-22T22:06:06.056Z,2023-04-26T17:44:16.948Z,2023-04-22T22:06:06.056Z,2023-04-26T17:44:16.948Z,2023-04-22T22:06:06.056Z,2023-04-26T17:44:16.948Z,2023-04-26T18:08:16.943Z
La que paga,SSTV-KTSU-0000000000000014106690,Samsung 2018 Kant-S UHD TV Smart TV,2023-01-20T03:48:35.816Z,2023-01-20T03:51:03.689Z,2023-01-20T03:51:03.689Z,2023-01-20T03:51:03.689Z,2023-01-20T03:48:35.816Z,2023-01-20T03:51:03.689Z,2023-01-20T03:51:03.689Z,2023-01-20T03:51:03.689Z,2023-04-26T18:08:16.943Z
La que paga,NFANDROID1-PRV-T-LENOVTB328FU-23984-6ED2D5BFF9E6ECA1110D7300E961CC09DDF10FED7F3C120343CC798AF1DD2764,DefaultWidevineAndroidTablets,2022-12-21T00:59:06.312Z,2022-12-26T18:41:29.974Z,2022-12-21T00:59:06.312Z,2022-12-26T18:41:29.974Z,2022-12-21T00:59:06.312Z,2022-12-26T18:41:29.974Z,2022-12-21T00:59:06.312Z,2022-12-26T18:41:29.974Z,2023-04-26T18:08:16.943Z
La que paga,NFANDROID1-PRV-S-L3-LENOVTB328FU-22589-3CFAB2D5CE770CA084B97ECF5B8A097F1259E6197381AD02B3610DD910139677,Netflix MobileSignupStubRelease Android,,,,,,,,,2023-04-26T18:08:16.943Z
La que paga,NFANDROID1-PRV-P-OPPO=CPH2365-21002-0BDF1F88CEBDA8134484A62768B64FCF615EB89DFC9FDCBFBA23D1EB4B544680B,DefaultWidevineAndroidPhone,,,,,,,,,2023-04-26T18:08:16.943Z
La que paga,GOOGCAP0010000000000000011265940,Google Chromecast V5 Streaming Stick,2022-12-09T07:09:27.744Z,2022-12-10T17:06:07.907Z,2022-12-09T07:09:27.744Z,2022-12-10T17:06:07.907Z,2022-12-09T07:09:27.744Z,2022-12-10T17:06:07.907Z,2022-12-09T07:09:27.744Z,2022-12-10T17:06:07.907Z,2023-04-26T18:08:16.943Z
La que paga,NFANDROID2-PRV-SABRINA-GOOGLCHROMECAST-21670-A338B787ACE07206419C58E19AAEA5CD6DFC4C8C0C57388DDE39CB24B92518E5,Google Sabrina ATV Set Top Box,2022-12-02T02:20:30.852Z,2023-04-17T01:00:58.623Z,2022-12-02T02:59:14.567Z,2023-04-17T01:00:58.623Z,2022-12-02T02:20:30.852Z,2023-04-17T01:00:58.623Z,2022-12-02T02:59:14.567Z,2023-04-17T01:00:58.623Z,2023-04-26T18:08:16.943Z
La que paga,CMCSTX1007-0020010F100CC072-F0463B60609B,Comcast X1 Arm 4k XiOne MVPD STB,,,,,,,,,2023-04-26T18:08:16.943Z
La que paga,NFANDROID1-PRV-P-HUAWEHMA-L09-8359-4D19F87424220D3CB8195AC4715F5A3DBF0E07A794E9EA9A21A39CE4D91A191C,DefaultWidevineAndroidPhone,,,,,,,,,2023-04-26T18:08:16.943Z
La que paga,NFCDSF-PH-JML38A7K4EQKXCGUYKCV0ML4454LDW,Netflix iPhone-Safari iPhone,,,,,,,,,2023-04-26T18:08:16.943Z
La que paga,CMCSTX1005-000C010D032A5D54-704FB8760EA3,Comcast X1 ARM 4K MVPD STB,2022-10-14T03:37:06.800Z,2022-10-14T04:07:42.676Z,2022-10-14T03:37:06.800Z,2022-10-14T04:07:42.676Z,2022-10-14T03:37:06.800Z,2022-10-14T04:07:42.676Z,2022-10-14T03:37:06.800Z,2022-10-14T04:07:42.676Z,2023-04-26T18:08:16.943Z
La que paga,NFANDROID2-PRV-SONYANDROIDTV2022M5-SONY=BRAVIA=4K=VH21-22653-77194191D8A3CD01361C3AD3BCED879B005290BFF12983F9F36EE6CB98680010,Sony CE Sony Android TV 2022 M5 Smart TV,2022-10-14T03:16:20.772Z,2022-10-16T22:32:14.539Z,2022-10-14T03:16:20.772Z,2022-10-16T22:32:14.539Z,2022-10-14T03:16:20.772Z,2022-10-16T22:32:14.539Z,2022-10-14T03:16:20.772Z,2022-10-16T22:32:14.539Z,2023-04-26T18:08:16.943Z
La que paga,NFCDSF-PH-JEHU1LP6AAL35RTULQM9HD3WAMR4LL,Netflix iPhone-Safari iPhone,,,,,,,,,2023-04-26T18:08:16.943Z
La que paga,NFAPPL-02-IPHONE14=2-9B7175A22F1C8EC3BD7DADEB768E5979695789E62711D3C27675E1935CBC7196,Apple iPhone 13 Pro,2022-07-19T01:33:22.532Z,2023-04-17T02:58:41.900Z,2022-07-19T01:33:22.532Z,2023-04-17T02:58:41.900Z,2022-07-19T01:33:22.532Z,2023-04-17T02:58:41.900Z,2022-07-19T01:33:22.532Z,2023-04-17T02:58:41.900Z,2023-04-26T18:08:16.943Z
La que paga,GOOGCAP0010000000000000005974491,Google Chromecast V5 Streaming Stick,2021-08-03T18:40:49.182Z,2022-11-30T23:50:10.211Z,2021-08-03T18:40:49.182Z,2022-11-30T23:50:10.211Z,2021-08-03T18:40:49.182Z,2022-11-30T23:50:10.211Z,2021-08-03T18:40:49.182Z,2022-11-30T23:50:10.211Z,2023-04-26T18:08:16.943Z
La que paga,NFCDCH-02-J947X8Q5A0FG6THGAHK5XE68GW8E2W,Chrome PC (Cadmium),2022-05-28T13:16:18.192Z,2022-05-31T14:16:33.177Z,2022-05-28T13:16:18.192Z,2022-05-31T14:16:33.177Z,2022-05-28T13:16:18.192Z,2022-05-31T14:16:33.177Z,2022-05-28T13:16:18.192Z,2022-05-31T14:16:33.177Z,2023-04-26T18:08:16.943Z
La que paga,NFCDCH-MC-J82R6TGELEDJXFVXNE30W4MG8XJ2AQ,Netflix Chrome MAC (Cadmium) HTML 5,,,,,,,,,2023-04-26T18:08:16.943Z
La que paga,NFANDROID2-PRV-FIRETVSTICK2016-AMAZOAFTT-6590-BA5BB74BAE012DD8682C4AAFE5572B87FFADD7AA1543BC9A8BC95686CE0FC909,FireTV Stick 2016,2021-11-27T05:35:27.556Z,2022-05-13T06:52:51.068Z,2021-11-27T05:38:48.604Z,2022-05-13T06:52:51.068Z,2021-11-27T05:35:27.556Z,2022-05-13T06:52:51.068Z,2021-11-27T05:38:48.604Z,2022-05-13T06:52:51.068Z,2023-04-26T18:08:16.943Z
La que paga,NFCDCH-02-J5MAK846EMDQ9P7QNEYK85FJX1865A,Chrome PC (Cadmium),2022-04-16T02:31:06.372Z,2022-04-16T02:31:17.575Z,2022-04-16T02:31:06.372Z,2022-04-16T02:31:17.575Z,2022-04-16T02:31:06.372Z,2022-04-16T02:31:17.575Z,2022-04-16T02:31:06.372Z,2022-04-16T02:31:17.575Z,2023-04-26T18:08:16.943Z
La que paga,NFANDROID1-PRV-P-HUAWEHMA-L09-8359-095783A2965424F98A1CD42088046DA69BA931135B9B4702AA32B3F56C23D97F2,DefaultWidevineAndroidPhone,2021-06-20T22:09:35.416Z,2022-10-13T23:21:31.164Z,2021-06-20T22:09:35.416Z,2022-10-13T23:21:31.164Z,2021-06-20T22:09:35.416Z,2022-10-13T23:21:31.164Z,2021-06-20T22:09:35.416Z,2022-10-13T23:21:31.164Z,2023-04-26T18:08:16.943Z
La que paga,NFUWA-001-242A2A2081FED280AB4C71CE2B688AB82D2673F949E87D7236AA6499509E0A628CEF91E9C29902E73357152783A85AA49B90F2999D2E26AC0F54F13DF44A85DF,Netflix Windows App - Cadmium Windows Mobile,2022-03-30T03:58:29.787Z,2022-03-30T04:31:46.696Z,2022-03-30T03:58:29.787Z,2022-03-30T04:31:46.696Z,2022-03-30T03:58:29.787Z,2022-03-30T04:31:46.696Z,2022-03-30T03:58:29.787Z,2022-03-30T04:31:46.696Z,2023-04-26T18:08:16.943Z
La que paga,NFCDCH-01-HZT7VZE7Y4Q0YV5UXWEMKLQ2GDN6LV,Chrome OS (Cadmium),2022-02-04T03:40:25.507Z,2022-09-30T21:32:19.191Z,2022-02-04T03:40:57.742Z,2022-09-30T21:32:19.191Z,2022-02-04T03:40:25.507Z,2022-09-30T21:32:19.191Z,2022-02-04T03:40:57.742Z,2022-09-30T21:32:19.191Z,2023-04-26T18:08:16.943Z
La que paga,NFANDROID1-PRV-P-OPPO=CPH2205-19879-0A07480E1945D67CD7396BF1D17709F6EAF1A4632CB8B21754DEE911F64BECFE9,DefaultWidevineAndroidPhone,2022-01-31T05:49:37.183Z,2022-10-04T23:44:12.175Z,2022-01-31T05:49:37.183Z,2022-10-04T23:44:12.175Z,2022-01-31T05:49:37.183Z,2022-10-04T23:44:12.175Z,2022-01-31T05:49:37.183Z,2022-10-04T23:44:12.175Z,2023-04-26T18:08:16.943Z
La que paga,NFAPPL-02-IPHONE13=1-99B54E830886E61A52C63401ADB27E0E493D14E2D6826B5DF14D40F106EEFCF7,iPhone 12 Mini,2022-01-10T00:04:39.359Z,2023-02-24T02:21:46.552Z,2022-01-10T00:04:39.359Z,2023-02-24T02:03:13.772Z,2022-01-10T00:04:39.359Z,2023-02-24T02:21:46.552Z,2022-01-10T00:04:39.359Z,2023-02-24T02:03:13.772Z,2023-04-26T18:08:16.943Z
La que paga,NFCDCH-MC-F24UH4W527P89VJVGAR27JWALKLE8N,Netflix Chrome MAC (Cadmium) HTML 5,2021-08-25T03:49:20.232Z,2023-02-25T17:44:21.828Z,2021-08-25T03:49:20.232Z,2023-02-25T17:01:53.592Z,2021-08-25T03:49:20.232Z,2023-02-25T17:44:21.828Z,2021-08-25T03:49:20.232Z,2023-02-25T17:01:53.592Z,2023-04-26T18:08:16.943Z
La que paga,RKU-8XXXX-YK00PM570078,Roku Midland Smart TV,2021-06-20T22:09:45.516Z,2022-12-30T06:59:27.420Z,2021-06-20T22:10:36.774Z,2022-12-30T06:34:52.102Z,2021-06-20T22:09:45.516Z,2022-12-30T06:59:27.420Z,2021-06-20T22:10:36.774Z,2022-12-30T06:34:52.102Z,2023-04-26T18:08:16.943Z
La que paga,NFAPPL-02-IPHONE11=2-F538619B27BA94B43F4DC3C12DC269CDD48FC475A4CC79B13F2B86BDCC0F680F,Apple iPhone XS,2021-08-02T13:53:50.060Z,2022-07-02T06:15:08.744Z,2021-08-02T13:53:50.060Z,2022-07-02T06:15:08.744Z,2021-08-02T13:53:50.060Z,2022-07-02T06:15:08.744Z,2021-08-02T13:53:50.060Z,2022-07-02T06:15:08.744Z,2023-04-26T18:08:16.943Z
