Profile Name,Title Name,Rating Type,Star Value,Thumbs Value,Device Model,Event Utc Ts,Region View Date
La que paga,Wellmania,thumb,,3,iPhone,2023-04-05 02:18:55,
La que paga,Triviaverse,thumb,,3,iPhone,2022-12-01 03:43:18,
La que paga,A Trip to Infinity,thumb,,3,iPhone,2022-11-05 15:33:07,
La que paga,Love,thumb,,2,HTML 5,2020-05-17 03:37:28,
La que paga,Self Made: Inspired by the Life of Madam C.J. Walker,thumb,,2,iPhone,2020-03-25 04:22:11,
La que paga,Chill with Bob Ross,thumb,,2,iPhone,2019-06-15 00:45:59,
La que paga,Supermassive Black Holes,thumb,,2,HTML 5,2018-09-23 02:03:49,
La que paga,Cosmos: A Spacetime Odyssey,thumb,,0,iPhone,2018-01-13 00:25:10,
La que paga,Black Mirror,thumb,,2,iPhone,2017-09-28 02:08:42,
La que paga,First They Killed My Father,thumb,,2,iPad,2017-09-20 10:28:26,
La que paga,Okja,star,5,2,Smart TV,2017-07-07 19:37:00,2017-07-06
La que paga,First Contact: Lost Tribe of the Amazon,star,5,2,Laptop/Desktop,2017-01-28 20:05:58,
La que paga,Mulan,star,-2,0,iPhone,2015-08-29 22:23:13,2015-08-29
La que paga,The Walking Dead,star,5,2,Unknown,2015-05-24 17:02:41,2015-05-24
La que paga,Law & Order: Special Victims Unit,star,5,2,Unknown,2015-02-18 19:29:10,2015-02-18
La que paga,Inside Combat Rescue,star,5,2,Laptop/Desktop,2014-09-08 02:48:22,
La que paga,National Geographic: King Tut's Final Secrets,star,5,2,Laptop/Desktop,2014-08-23 00:17:34,2014-08-22
La que paga,The Addams Family,star,5,2,Unknown,2014-01-25 15:56:44,2014-01-24
La que paga,Sherlock,star,5,2,Laptop/Desktop,2014-01-25 03:17:35,2014-01-24
La que paga,17 Girls,star,4,2,Laptop/Desktop,2014-01-19 05:31:01,2014-01-18
La que paga,Bully,star,3,2,Unknown,2014-01-19 03:56:07,2014-01-18
La que paga,Attack on Titan,star,5,2,Unknown,2014-01-18 23:20:40,2014-01-18
La que paga,My Babysitter's a Vampire: The Movie,star,5,2,Unknown,2014-01-07 21:52:13,2014-01-04
La que paga,Batman: The Brave and the Bold,star,5,2,Unknown,2014-01-07 20:36:11,2014-01-04
La que paga,Phineas and Ferb the Movie: Across the 2nd Dimension,star,5,2,Unknown,2014-01-04 15:57:01,2014-01-03
La que paga,Princess Protection Program,star,4,2,Unknown,2014-01-04 03:23:22,2014-01-03
La que paga,Filly Brown,star,1,1,Unknown,2014-01-03 18:39:14,2014-01-01
La que paga,ParaNorman,star,5,2,Unknown,2014-01-03 02:12:36,2013-12-31
La que paga,Clueless,star,4,2,Unknown,2013-12-31 00:56:39,2013-12-30
La que paga,Pretty in Pink,star,4,2,Unknown,2013-12-30 22:34:25,2013-12-29
La que paga,Doctor Who,star,4,2,Unknown,2013-12-28 03:50:10,2013-12-27
La que paga,Hercules,star,5,2,Unknown,2013-12-27 17:12:22,2013-12-26
La que paga,Scooby-Doo!: Mystery Incorporated,star,5,2,Unknown,2013-12-27 17:09:49,2013-12-27
La que paga,The Breakfast Club,star,5,2,Unknown,2013-12-27 05:31:26,2013-12-25
La que paga,The Avengers,star,4,2,Unknown,2013-12-27 04:21:32,2013-12-25
La que paga,Hachi: A Dog's Tale,star,5,2,Unknown,2013-12-26 17:50:40,2013-12-25
La que paga,The Office (U.S.),star,-1,1,Unknown,2011-10-27 09:56:59,
La que paga,Jersey Shore,star,1,1,Unknown,2011-10-27 09:56:52,
La que paga,Family Guy,star,4,2,Unknown,2011-10-27 09:56:48,
La que paga,H2O: Just Add Water,star,3,2,Unknown,2011-10-27 09:56:40,
La que paga,The Last Song,star,5,2,Unknown,2011-10-16 16:23:16,2011-10-14
La que paga,After Sex,star,4,2,Unknown,2011-10-12 11:20:16,2011-10-11
La que paga,American Dad!,star,5,2,Unknown,2011-10-05 11:46:21,
La que paga,Room in Rome,star,5,2,Unknown,2011-09-30 22:14:03,2011-09-30
La que paga,Bi the Way,star,4,2,Unknown,2011-09-30 21:14:29,2011-09-30
La que paga,Revenge of the Nerds,star,5,2,Unknown,2011-09-27 10:23:53,2011-09-22
La que paga,Super High Me,star,4,2,Unknown,2011-08-31 12:25:53,2011-04-25
La que paga,"Food, Inc.",star,4,2,Unknown,2011-08-31 12:25:48,
La que paga,Bowling for Columbine,star,-1,1,Unknown,2011-08-31 12:25:45,
La que paga,March of the Penguins,star,5,2,Unknown,2011-08-31 12:25:37,
La que paga,Modify,star,5,2,Unknown,2011-08-31 12:25:35,2011-05-15
La que paga,Flesh & Blood,star,5,2,Unknown,2011-08-31 12:25:32,2011-05-17
La que paga,For the Bible Tells Me So,star,5,2,Unknown,2011-08-31 12:25:27,2011-07-11
La que paga,Little Man,star,5,2,Unknown,2011-08-31 12:25:21,2011-07-12
La que paga,Diary of a Nymphomaniac,star,5,2,Unknown,2011-08-23 12:51:51,2011-06-14
La que paga,National Geographic: The Human Family Tree,star,5,2,Unknown,2011-08-23 12:51:14,2011-08-12
La que paga,Finding Nemo,star,5,2,Unknown,2011-06-16 13:57:29,
La que paga,American Pie Presents: The Naked Mile,star,5,2,Unknown,2011-06-16 13:48:42,2011-06-13
La que paga,"Precious: Based on the Novel ""Push"" by Sapphire",star,5,2,Unknown,2011-05-19 06:23:59,2011-05-05
El amigo de la que paga,Titanic,thumb,,3,Smart TV,2023-07-12 00:55:38,
El amigo de la que paga,The Irishman,thumb,,2,XBOX SS,2022-12-17 22:32:23,
El amigo de la que paga,The Redeem Team,thumb,,2,Xbox One,2022-10-08 17:19:46,
El amigo de la que paga,Tekken: Bloodline,thumb,,2,Xbox One,2022-09-02 14:47:52,
El amigo de la que paga,The Nice Guys,thumb,,1,Xbox One,2022-08-14 05:50:15,
El amigo de la que paga,Home Team,thumb,,2,Xbox One,2022-01-31 03:15:27,
La tia de la que paga,Women at War,thumb,,2,Android Phone,2023-02-01 22:45:36,
